,0,1,class
0,1.6713482932217156,1.4664280933661238,0
1,6.681375827647944,2.600540700660684,2
2,2.580482900280966,8.859863124700842,3
3,7.053043874391798,2.480689995407494,2
4,7.217075021439762,2.640890284605959,2
5,4.994980855111257,5.867900463485672,1
6,1.1302957509889746,1.7160415354742167,0
7,2.176566680233651,7.804072279658774,3
8,2.602659278644238,8.177332984717692,3
9,6.954890074794239,2.3977087724493735,2
10,0.8964660981112154,3.1462025084927587,0
11,7.373869975830697,1.9261376925486877,2
12,4.807575853045486,6.812585758619982,1
13,5.3226033292156565,6.219608031710036,1
14,0.561062219503885,1.8483654628925485,0
15,6.777689592111463,2.4056130342771294,2
16,7.72783936874591,2.1817759134291843,2
17,2.6592794820750636,7.785636632498523,3
18,7.075666020140902,2.3266756785245115,2
19,1.3144016715172921,2.2619837354445766,0
20,2.1328615713261487,8.694239288614906,3
21,5.688168950457854,1.6845364058824466,2
22,2.7396705822295093,7.374896153586866,3
23,2.212640262957522,8.154575910191607,3
24,2.201069730986428,7.221780951912938,3
25,0.24027486900873307,1.8797545123840511,0
26,7.779488843769109,1.5617401748371686,2
27,4.484379350150757,5.527706289447856,1
28,5.75996067684212,6.744162499418107,1
29,4.7360085346185326,5.5600632460546535,1
30,7.418889498362404,2.2202207785028447,2
31,5.199473633192856,5.890992995140445,1
32,4.316495696938009,6.255666227882147,1
33,6.964544094498939,2.339940880367403,2
34,4.536780676609333,6.278308990144302,1
35,0.5172564241423461,2.1660653319510077,0
36,2.726882879273514,8.294794369106802,3
37,4.9531862828951665,6.705853009462076,1
38,7.558285014277755,2.3373917591036935,2
39,1.183595487962511,1.7455551627538852,0
40,6.937859663048506,1.4222568888916742,2
41,7.114256451998833,1.6260409750059721,2
42,0.7888222725453735,2.701926214314618,0
43,1.412571483711178,2.0586790883497663,0
44,7.156343493637794,1.7057736020266283,2
45,7.348009327168536,1.3414121284361527,2
46,1.89329817113867,2.719094597295042,0
47,2.046022476893481,2.5640264238861894,0
48,7.707226009808878,2.4801537610769904,2
49,2.7018565182404126,8.4625245222615,3
50,1.2419281836161262,1.8967004120846236,0
51,1.2516872059691877,2.1715107860121825,0
52,7.24098466658505,1.939782527077635,2
53,2.3648901997836607,6.8494938176766675,3
54,4.666929411919201,5.841935957603098,1
55,4.979079880981768,6.104602357367474,1
56,3.3093125710418914,8.500946554695513,3
57,6.760996654937191,2.677124826376243,2
58,6.772873662291883,1.5873284444920617,2
59,4.759253585711431,6.002423881737055,1
60,2.387519598626163,7.784467069289579,3
61,0.40855620670069437,2.2437399651327143,0
62,1.6538074314295033,2.0072198853641723,0
63,1.448164300159184,2.166667333633046,0
64,2.6257654740641563,8.772320126629511,3
65,0.9013787868697679,2.162584675111205,0
66,2.495589263796219,7.8273912624320925,3
67,7.667455479141851,1.9551321430997823,2
68,0.7772471716333869,1.2095148807051943,0
69,0.9292304592968804,2.629454169269761,0
70,2.7153936580527835,9.309003142209145,3
71,4.8698420087042145,6.208826366557705,1
72,0.6972539720279527,2.243219295139508,0
73,4.659388281774715,5.502781500776425,1
74,7.264055751228135,1.7482858525890352,2
75,0.49518852590098816,1.831111104867214,0
76,4.695138074632318,6.50408078937905,1
77,1.6502714873999302,1.494210390200907,0
78,7.2588961250702,2.8418071988304554,2
79,2.4716674828875376,7.953290559201329,3
80,5.449158805980738,6.502625389422825,1
81,2.2020168900182666,7.860304767546212,3
82,2.4482397675842438,8.102548435446911,3
83,1.3652231525974983,2.2474131680113203,0
84,2.105768485562591,7.384722837464139,3
85,2.595684390058616,7.746144817592188,3
86,6.704395109983258,2.450946658381357,2
87,2.0079706469557372,7.633529329705337,3
88,3.1709607672064726,7.824742104383349,3
89,0.45595519698859266,1.6760882479344876,0
90,5.4515345513125,5.877271960566879,1
91,1.1211727632720745,1.4566508815427484,0
92,0.6334643866628518,1.6248511275667563,0
93,3.0084049555028303,8.36023940137908,3
94,1.9678047499439222,8.241990100935087,3
95,2.08125175196419,8.263499575517237,3
96,0.2506092850461483,2.1635712139775234,0
97,2.138373233719425,8.584273479572886,3
98,2.821598409448279,7.680078714720457,3
99,3.103719284109788,8.088298919589327,3
100,0.5947240163149331,2.5021593697053715,0
101,4.345160768710747,6.144745604170995,1
102,5.138290853838484,6.193377378792998,1
103,0.6300306219260966,2.4507328125041066,0
104,3.090369452641051,8.665121204970912,3
105,1.9268368997042558,7.783582343159714,3
106,5.393601587690946,6.873545660566828,1
107,2.354251985950346,7.740286896388643,3
108,1.04938326350256,2.031537608405546,0
109,7.234628745971529,1.8444927189857436,2
110,4.911748830602102,6.090811319503024,1
111,7.124874992108902,1.3866042603221178,2
112,2.125056866622441,7.908215314817879,3
113,1.1470341528455794,1.8383020610873488,0
114,2.774470565736903,8.491011718193116,3
115,1.0123747804218532,2.1653845801797647,0
116,4.815191152886302,6.653052160496631,1
117,4.651867781199762,6.134252566777436,1
118,5.165386667990421,5.708700065565643,1
119,1.5397434061969266,1.4552440086570284,0
120,0.5540878598927393,1.767430927138306,0
121,2.8060214278585662,7.768236246239684,3
122,1.63161549191343,0.9419406062394569,0
123,6.560583060178745,2.1570970625892203,2
124,2.8507870173944565,8.596945727898078,3
125,4.54443907048401,5.265977042474216,1
126,6.804432609659262,2.4400826909877775,2
127,5.641542663036101,6.518055149900862,1
128,6.894336673515833,2.3555285994297153,2
129,4.882174125385357,5.662513828864748,1
130,0.9153687389914321,2.115732379761624,0
131,1.1845726761595932,2.264840510285789,0
132,1.2789832832789312,1.221820545274909,0
133,1.5692447769190896,2.1126440933715,0
134,7.583908193240066,1.956168014896947,2
135,2.3377005668079494,8.856702335992107,3
136,6.033587433360756,5.996495879289896,1
137,1.8066034764205865,1.7655966635477778,0
138,4.222664305157699,5.705811911815326,1
139,1.8036264134642113,8.04378439610305,3
140,0.5784964891648017,2.020295042723164,0
141,5.351710400073627,5.304790870466094,1
142,2.9179903174113115,6.875612507148214,3
143,6.464224785501072,2.2234657450055124,2
144,2.1366555456427223,8.421766437180146,3
145,5.566182965762302,6.77124358141598,1
146,2.9008667872268905,8.147537941362975,3
147,0.35443608742916755,2.5485253420508975,0
148,5.203262709198625,6.303908752377007,1
149,6.160973509464024,2.4685293967178357,2
150,6.863027486067743,2.759291339387321,2
151,2.712069566093822,8.13095789300793,3
152,7.18885947167524,2.3038003139574923,2
153,6.376449340410517,2.1400054814233065,2
154,5.665212331682383,6.643163237636536,1
155,1.2837535744935953,1.869616140453087,0
156,0.9599362628089626,1.9827389159675541,0
157,0.9106329554815932,2.259806538022479,0
158,6.5125330512377655,1.863751023387238,2
159,2.464129011000688,8.494140076535619,3
160,0.9091097605148745,1.7585156710853567,0
161,0.37575249980193637,2.191390245471268,0
162,6.88614031828839,2.112984338319175,2
163,4.44697683595793,5.514988645540542,1
164,1.3158050244455812,2.121431162114818,0
165,5.079012244422545,5.916144417447881,1
166,7.19377717289869,1.5685831114892748,2
167,8.011477024405519,0.516535550237164,2
168,7.591676906741796,2.7370144027158156,2
169,5.011514199248928,5.969760305862853,1
170,2.14967979490971,7.948045973822871,3
171,2.672419684493816,6.816092277169622,3
172,7.387094768626589,1.6710693386431739,2
173,4.704813901375861,5.926227471020847,1
174,1.6236660187774583,8.510869587733184,3
175,6.546699777859678,1.6107523699267037,2
176,1.0998652122961148,1.6454568909925316,0
177,5.608787775038576,6.29282172660169,1
178,5.002466585767948,7.450010409334593,1
179,1.417807601506782,2.1916040622061006,0
180,1.191326356245712,2.4402438650370053,0
181,4.968178595464859,6.536059156926529,1
182,3.3894107473635073,7.596081280484246,3
183,4.7718742544143575,5.84503860472677,1
184,7.28405283999731,2.0782541304017372,2
185,5.2618283685311,6.351198785739724,1
186,4.901400257796854,6.2775772986083265,1
187,6.56798129060615,1.2102311513185136,2
188,0.9429769231499769,2.1163061260273244,0
189,6.075606304192151,2.5023463980832954,2
190,2.4805247120892795,7.918205822269457,3
191,0.07401572815787905,1.5974610695017832,0
192,2.2330869303419116,8.249634789847367,3
193,6.837947454943772,2.4406256627316827,2
194,6.474283517951974,1.596913196172161,2
195,2.237657182969101,7.927684151961098,3
196,7.224939101166908,2.553226345728598,2
197,7.268281821916565,2.530854819082924,2
198,2.298713491729069,7.971881531107588,3
199,0.3476289623726456,1.9243227832107843,0
200,7.2821188986150585,1.0251017932647186,2
201,0.993745531943821,2.196213808287809,0
202,1.1525703986427607,1.6849069200717044,0
203,2.8660965803568397,7.230120845381873,3
204,1.828483101763322,7.744061057492296,3
205,5.674993602201837,6.289804752732033,1
206,2.373628108600879,7.605323590324935,3
207,8.203379876444066,2.175316377565519,2
208,2.729028797638112,7.840678578110587,3
209,0.19710614514350266,2.6492187127059625,0
210,7.543564780273761,2.740279975699842,2
211,5.714437789234243,5.963118564917221,1
212,5.190770288227632,6.506742053183991,1
213,2.7863601619301086,8.276583362518622,3
214,3.2764236680018777,7.922191151124267,3
215,0.5603717150079848,2.403384662325757,0
216,4.991590431601579,5.623305413326492,1
217,5.897540697518521,6.231130468481905,1
218,7.548597364533475,1.8351480858154792,2
219,2.7451950382247063,7.9260831980698265,3
220,6.995064527225378,2.3758632980290915,2
221,1.2393963266943895,2.6064466023278747,0
222,7.307583484221701,1.9790578800276901,2
223,1.4922126293703302,2.4890227060956858,0
224,6.268065500438743,3.02344164418085,2
225,0.639157819829365,1.923680356003751,0
226,1.0585982950878643,1.2868182251038522,0
227,-0.1245012451830323,1.9248950585094244,0
228,3.1350205986034974,7.273408096955222,3
229,6.697955109102718,2.092418909365542,2
230,7.233021458313418,1.7003947741137515,2
231,0.6089458285755991,1.2038912403094066,0
232,1.4808062061490703,1.5841815698175414,0
233,2.2810041857375247,7.653017093806303,3
234,2.469778675426782,8.26237001369121,3
235,6.192659475943763,1.4889794750527363,2
236,3.0468049184683066,7.231047679413355,3
237,7.500765700884135,2.8175352677265906,2
238,4.140026477091651,5.3786376498524895,1
239,5.420434594656085,5.715565602298933,1
240,5.771474202808816,5.737629917301522,1
241,0.9595365759880907,2.088958868219061,0
242,5.397450130258464,5.770156576742935,1
243,5.776990743414046,5.782342832395789,1
244,7.871662466809639,2.6622472388355853,2
245,5.088621455262778,6.226480291588455,1
246,3.3407860874593243,7.161452023503735,3
247,6.346194905974317,1.98257396492673,2
248,1.18060394675904,1.8323584431054518,0
249,5.122888295987241,6.665061837851735,1
250,1.2774069777584631,1.8548390389382727,0
251,0.7899747051835531,2.667730152684779,0
252,6.70472211392743,2.5212112781284,2
253,4.397915687896161,5.445965361597588,1
254,5.251259403355719,5.952960852478819,1
255,0.7896499020543591,2.1238621721924025,0
256,1.4863007135450537,2.377470510881956,0
257,1.257589788417011,2.1319475770050884,0
258,5.580581445729045,6.2452794577419475,1
259,5.961903570320659,2.926123976692625,2
260,0.8937809105678308,1.346439455977718,0
261,5.045824021111219,5.524458139406091,1
262,0.8951968792506899,2.0173226351995077,0
263,1.9928706409847567,6.514072769513882,3
264,2.9282273253010453,8.042264591788376,3
265,5.280077089994989,5.910996536692858,1
266,7.438199012510922,1.865853701696671,2
267,6.921632769121386,1.8890931663668267,2
268,5.40858681290547,5.555180299222805,1
269,3.078688641362284,7.882107643095885,3
270,2.7935722329254697,7.802863837645789,3
271,2.02735422760736,8.982579927026032,3
272,2.703360798594198,7.548817805091925,3
273,1.0899653658682467,1.26247477230564,0
274,6.799228317301024,5.813408112232638,1
275,4.078023629273705,5.855541565798932,1
276,0.669594242348757,2.1750273294012037,0
277,1.7949681005071336,7.499381887608649,3
278,2.262091337348412,8.185935563121745,3
279,0.10639265266548026,2.377205836171195,0
280,2.376589043494527,7.947466736745547,3
281,0.9593843773644524,2.0235845321956702,0
282,0.6693954868597713,2.3695149327200826,0
283,2.060124051171737,8.297844680275206,3
284,4.9045842878348,6.267119985331393,1
285,3.924576830887491,5.588418834154947,1
286,2.328929633309666,7.73842603072643,3
287,8.3644126387768,2.3675456911707946,2
288,1.5942556647523394,2.7293760261339757,0
289,2.5187333063457196,7.26446781084275,3
290,4.948804975271435,6.250488950846869,1
291,4.149326517912571,5.977836466028702,1
292,2.496804588872233,8.102394640063874,3
293,0.7437316365622904,1.7987464965453248,0
294,3.3715953909459544,7.330944394729368,3
295,5.943604364786273,1.478600743697263,2
296,1.0945461128107628,1.2913336723955082,0
297,0.8462007929499071,2.4356107816822097,0
298,8.002230448696563,1.3783074462658162,2
299,5.072955089578742,6.64808492120792,1
300,6.404723000505432,3.206107677049425,2
301,7.433528626258211,1.052637290978221,2
302,6.8415030921855315,2.7467052602344344,2
303,5.090581490606286,6.9168476140518695,1
304,6.207415674968513,2.1587558242885936,2
305,2.633832498702753,8.830994454680999,3
306,7.361439273345589,2.253781835311619,2
307,0.9044327716132439,2.172846235608156,0
308,5.8005523453532035,5.516782236405329,1
309,4.858304006288065,5.7353254414605255,1
310,0.9844760918192563,1.8328189942218556,0
311,2.3094220815923343,8.826752999538757,3
312,5.435369343275037,6.594709311041966,1
313,5.001235998112172,6.177625095423186,1
314,4.782726226159773,5.80032873821544,1
315,7.0837419200408425,3.0516058251654323,2
316,2.061400240713545,8.763701415235332,3
317,2.00125264730997,6.7337033703107885,3
318,2.530883401028697,8.041074986879384,3
319,2.9269092470802933,8.262578586663604,3
320,2.5351130784213765,7.656712910165558,3
321,2.819798353377217,8.265680176260954,3
322,5.351320109146542,5.9785626439727375,1
323,7.452154517956208,2.250679217470383,2
324,4.987298429564605,6.068375493520006,1
325,1.1391393429446601,2.5244074433629713,0
326,5.498083715994137,6.7005149029881474,1
327,4.390092139627033,6.148767208347803,1
328,5.173435361002982,5.570394219836424,1
329,6.5587488178838385,1.497987774170394,2
330,1.3544376338998354,1.5928838124481803,0
331,0.9882320126706867,2.296473187919322,0
332,4.963781008190676,6.491182637161275,1
333,7.297880643090142,2.302955199143171,2
334,7.040142538046956,2.622987370956077,2
335,2.4041652732311234,7.686912085102029,3
336,1.6431561358650266,8.001821460426756,3
337,1.942581756854242,6.588259839450936,3
338,2.68448405002121,7.387351661419512,3
339,2.1569411436588117,1.785675438862915,0
340,6.679874519659878,2.0298396206069227,2
341,4.862270985300459,6.999592345432738,1
342,7.873663680100787,2.1147168691303055,2
343,7.009672828915196,2.4298190361496688,2
344,7.3663911843933985,1.8384592852565427,2
345,0.5751400738157084,1.661528165826888,0
346,2.2386128147715647,8.00953444093758,3
347,7.080077884501453,2.8740921462388562,2
348,7.0291554359065005,1.1895851544895049,2
349,5.537779459388877,6.262860877980314,1
350,1.3966490726586003,2.40393845865253,0
351,2.3155921085357365,7.996800135600496,3
352,6.174999951662982,2.302757771236054,2
353,5.734332307825624,5.705106719598517,1
354,1.981390034684345,1.9620133476084782,0
355,2.0719475269812118,7.73804108817454,3
356,0.5542023114974631,3.0718477492250296,0
357,2.688269813172201,8.147583283352795,3
358,3.329306436721616,8.252070730506706,3
359,3.1899706844360054,8.567208275030042,3
360,7.2216021846599086,2.580383435075308,2
361,0.7669026294380554,2.0137029386785583,0
362,4.276008259936611,5.503661804685565,1
363,3.040158436270426,8.10295763726125,3
364,4.78619438375212,5.620641805658841,1
365,2.437629066491138,8.710647133857425,3
366,7.856908415255461,1.4218915647633161,2
367,6.161332764796945,2.9329120570469396,2
368,3.164702571761329,7.935591331260716,3
369,0.5956464254018823,2.3810188570058557,0
370,0.9135200831528559,1.1019636491704246,0
371,4.835888679672189,6.14604271812401,1
372,5.03249438270865,6.026562734527868,1
373,6.666299441662755,1.757242365389606,2
374,1.3729381860560648,2.3287472877359923,0
375,2.6822045270915007,8.918928190833439,3
376,2.3662221906525542,7.938199600409036,3
377,5.622497005068903,5.53627881248552,1
378,4.647457004397014,6.012675057138926,1
379,5.31130318614786,5.46456092056584,1
380,0.09501894608915706,1.3484114498048758,0
381,0.3663466007382058,1.7594489099712614,0
382,5.351893662613201,5.883452113806715,1
383,2.1054759999918957,7.109667367326619,3
384,1.660319675455973,8.723635588694835,3
385,1.5875007958255165,7.174278073220494,3
386,2.7608786085975696,8.023526371679655,3
387,0.6557509960231871,1.9236143062403912,0
388,6.265158797809734,5.24887424466233,1
389,2.552379105129803,8.367131716573413,3
390,4.269608998407296,6.127258291121083,1
391,2.6043271595086193,8.493120423794783,3
392,6.606920312253061,1.0563563401807743,2
393,6.803140238440921,2.0013136681276578,2
394,5.6164025398363115,6.341576822846829,1
395,7.246686617957221,2.1149376839043055,2
396,0.6752119506856025,1.2677665165269616,0
397,2.20130361276743,7.5946335992545455,3
398,1.0616934970129923,1.7366286995462021,0
399,6.566693992542637,2.3798774745001134,2
400,4.452965179431177,5.958155291236169,1
401,7.210960367950855,1.2954386833558318,2
402,1.8611375606675153,8.358784085834996,3
403,1.1982478486091717,2.324086361071305,0
404,2.675195769300904,7.316204343691692,3
405,2.5721052561937396,7.735233471648509,3
406,3.281173050060243,7.690168434380884,3
407,2.266400891391594,7.701939356454377,3
408,1.5080133578129593,2.6837092618857303,0
409,3.5126941004413235,7.82058310764249,3
410,4.224865731848656,5.705838509400505,1
411,2.1019362159662136,2.4880558145503864,0
412,4.832133297248698,5.685638285294072,1
413,6.693650591181454,2.323775056517466,2
414,3.214395194897754,7.431720372746082,3
415,2.878046926091246,8.32085663429885,3
416,3.115192682883212,8.352989422866816,3
417,7.877115229143161,1.6622064546875537,2
418,5.001635573029208,5.977143799689292,1
419,4.656679992687468,5.571046447572323,1
420,7.580140175117834,2.4215846221075674,2
421,6.845602746719075,1.842491279579037,2
422,3.1084030317622093,8.0591261194828,3
423,5.6721352581147215,5.910550454108997,1
424,0.794345743327538,2.135752514317129,0
425,0.7411825125550557,2.3866312794448126,0
426,5.340636554413493,6.102809281952427,1
427,6.109535777211981,1.7938625132436838,2
428,6.805692942054711,2.8111099790820857,2
429,1.334236119122509,1.9556459780316116,0
430,2.1038125735791136,7.720383288798774,3
431,2.5913599965940506,7.885969897626494,3
432,7.19844890544235,2.4607099795612104,2
433,6.077201697127096,5.777948396069206,1
434,1.5300413181764645,8.659757836159686,3
435,2.4726647773239137,8.307727768728487,3
436,-0.30158285689075637,2.6135819254686785,0
437,2.9193349843693412,8.126507435350518,3
438,1.0226068708171063,1.860704931517473,0
439,6.6292161080210565,2.7951222342030455,2
440,1.2128541559171568,3.26595798249589,0
441,1.1569370699135995,2.03377703826399,0
442,6.182864754476459,2.2208095968195902,2
443,2.666703771334222,9.302380280211203,3
444,5.00305916538208,5.793661639395076,1
445,5.5587409294231644,5.80877827856301,1
446,7.047493763415165,1.8682484201558587,2
447,0.5223757690083654,2.833943849162223,0
448,5.080498963670613,6.149287825157189,1
449,1.5554963814397849,1.9159331066842706,0
450,4.832285163441098,6.147747410821637,1
451,2.5623563566669323,8.950994925744727,3
452,1.79470106478393,8.449065964649206,3
453,3.988411972617266,6.175593443003273,1
454,1.621148062977472,6.491899791459011,3
455,-0.09671175750459593,2.0136431563310726,0
456,0.49556669501378536,1.85927455452383,0
457,1.1565327547472521,8.397623523270909,3
458,6.613666815690871,3.0253013671825215,2
459,6.643138721573786,1.476904560626541,2
460,4.880847400757574,6.182180300023518,1
461,2.8019533121109133,7.974349748106015,3
462,6.145954471701698,1.5984041913122458,2
463,6.235247105403028,2.0922356275188987,2
464,5.118597319872217,6.224104185745759,1
465,0.2894961081803723,1.9758419077106095,0
466,1.1408406262458126,0.8214493090853434,0
467,5.08881762899787,5.518721191527345,1
468,2.521248561233509,8.546485414187195,3
469,6.91399661271175,2.1016979188637364,2
470,3.8983015435167414,6.265675810320419,1
471,2.2907872063832024,6.900412266996044,3
472,1.4614504415579335,2.4338304519585447,0
473,4.525795662801204,5.354464520378706,1
474,6.597726168074648,1.0733454923284325,2
475,4.70135388730656,6.61914240414365,1
476,4.2000989182186865,5.44144545697768,1
477,6.863966936052515,2.2869093125226447,2
478,5.381970694012384,5.932354657452951,1
479,7.176094576864997,3.5276845734080746,2
480,2.575721683541261,8.035433842916662,3
481,2.024079561475139,7.991851453917916,3
482,7.225576668794902,1.619926531278628,2
483,7.245421619767088,2.3636330061994197,2
484,6.890072396462403,2.620113376446225,2
485,1.9814788190660462,8.471852267368295,3
486,1.1052198847053734,1.8002044151716572,0
487,0.2661754839185947,1.8872054371776248,0
488,5.375367790334712,6.817582984981268,1
489,5.537831059527985,6.286013319291574,1
490,0.3617266103919822,1.1908289685785038,0
491,1.5641793736901564,2.8644986861064288,0
492,3.1630025903066317,8.709594719959776,3
493,5.611729287668703,5.976288739191276,1
494,7.310831363342878,2.7235067046048496,2
495,0.8620866448762332,1.9600065180732011,0
496,2.2994581626399357,7.814981703067432,3
497,2.5615799214732866,8.385160850833064,3
498,6.666891968380287,1.8648888768391108,2
499,6.8806003503047855,2.6294572678426325,2
500,0.8597950807083266,0.9639509564030553,0
501,7.406801731807144,2.0971877460556327,2
502,6.651575776355605,2.5168777692423747,2
503,1.7251670429856647,8.928951216031946,3
504,7.9475547442882934,2.385748641547346,2
505,5.663606714848753,5.8688229154496465,1
506,0.9944532435525584,1.9379277478615957,0
507,7.0295102966305585,1.610806742666754,2
508,6.604024035594948,2.333896622737709,2
509,1.319153652240366,1.5584255923881383,0
510,5.483354191295453,5.451910238004559,1
511,1.9249680554255808,8.104353354051963,3
512,2.3312030303818663,7.521828462096978,3
513,7.259965887123957,2.887542137599758,2
514,2.7717409936995625,8.35984892345762,3
515,3.9146482871430406,6.5333265277485575,1
516,5.108776618596898,5.798952240438155,1
517,7.612894823991716,2.115555165034059,2
518,4.326406956646227,6.163495128020348,1
519,4.740261014545297,6.752926546743612,1
520,7.69898002801252,1.1559768791516216,2
521,2.4613575086217514,8.304415508425238,3
522,5.251244855708048,6.654302561167849,1
523,5.3177338565480685,5.495541696350916,1
524,5.459976777921909,5.127181795075552,1
525,0.5402809693554398,1.4224006453169866,0
526,6.871195632302706,2.2789772637173393,2
527,2.1144165635031715,7.9759401100946725,3
528,7.052997507680691,2.357812997521333,2
529,2.240145987159642,8.161115621175924,3
530,4.667329711712002,6.752820699602074,1
531,7.442482848606498,2.7637229731562503,2
532,2.2661603573913944,8.0644300618161,3
533,6.924548513717762,1.5289528043002436,2
534,4.96660115276197,6.516570607992122,1
535,3.0414836185719807,7.781460340163843,3
536,0.8986107852001823,1.9606165930856105,0
537,1.8582852923433384,8.171229321630825,3
538,2.6082843428547235,8.094372980197853,3
539,2.406466262665347,8.195719869833544,3
540,2.0935094120269473,1.0183425562572763,0
541,0.4385683951160113,1.1747211438373046,0
542,6.948122150088138,3.0842427390350036,2
543,7.23211160608058,1.856196153654377,2
544,6.293895233917185,6.117851886900518,1
545,7.856517244211914,2.055723834630239,2
546,6.982417929068719,1.7479764221562162,2
547,3.881415810683049,5.813907833672699,1
548,5.151190898073272,5.322178044638981,1
549,6.749102468150957,1.9799889654167409,2
550,5.120808219153023,5.999545476887554,1
551,4.858931679208599,4.7969735517577465,1
552,2.7641653794595844,7.684174172320505,3
553,4.817800143831901,6.182107468805527,1
554,2.962380096839521,7.777073215857796,3
555,6.7107268986011945,2.8361024754022814,2
556,6.581458788421391,2.201117615178551,2
557,4.680174251272671,6.408604162330619,1
558,2.546539506639326,8.193695314464989,3
559,1.992501253759976,8.988787864319603,3
560,6.6759632213220215,2.465172403534711,2
561,2.329418556497045,7.199178889574125,3
562,6.629737736922013,1.9780544093116688,2
563,4.829711152349043,6.101321568022756,1
564,2.5891113588887706,8.02279340275667,3
565,4.748188338565286,5.957886381957024,1
566,1.7073599177587573,7.566358836161384,3
567,4.599047856565146,5.787620608766768,1
568,4.282818101558499,6.585686893775359,1
569,6.0794604662769505,6.027684005823501,1
570,7.204806586380719,1.7284967783492282,2
571,2.7544777988305724,8.196568758372026,3
572,2.5151841289219066,8.098905931993642,3
573,1.2107307039961925,1.8146934938570911,0
574,6.892698166737646,1.7607114217265,2
575,1.6549178799638677,8.372495318979972,3
576,0.4049051052380689,2.1386104700612143,0
577,2.8320514348262815,8.508352292746267,3
578,2.9967531822711555,6.872426740746442,3
579,6.744982328231191,2.874278476134693,2
580,6.108202016826514,1.7410167731340702,2
581,0.09982279630500168,2.649477695996202,0
582,0.9782444898909692,2.1455216865009765,0
583,1.3023151416387662,8.587494661316573,3
584,6.8526177016495105,1.5103120047938756,2
585,2.008645326059863,7.648206457466473,3
586,0.9980623110633576,1.6610700894773933,0
587,2.465022977474914,8.4034919044993,3
588,5.123788990925963,6.178869695988207,1
589,4.416587406548196,5.372653341249813,1
590,1.6646641693380093,1.7604155450807846,0
591,1.943773090492892,7.330396822994215,3
592,1.8974037890425999,1.3587303265670025,0
593,2.8517873346473426,8.216143945800725,3
594,5.1619915317860015,5.502128973796601,1
595,7.225112180310216,2.1366722420940016,2
596,1.6395773283261645,2.5999047498281715,0
597,4.787922308284033,5.053127288329399,1
598,5.525304924479096,5.067649555458888,1
599,4.449048864780569,6.909828419109443,1
600,6.826884124814542,1.840590097131772,2
601,4.244140274596986,6.51248896216234,1
602,0.5303342643767032,1.5502756564942852,0
603,5.295736737798904,6.092375716844463,1
604,6.734060601895363,2.1642268457854614,2
605,7.666685005956851,2.623288767893598,2
606,6.2849242362215305,2.4181318939797443,2
607,4.34558393592416,6.347231103636453,1
608,2.9672461518766604,8.86004617751586,3
609,7.004402295395896,2.5555830223392615,2
610,4.988899123557136,6.147780340012594,1
611,2.206739483101729,8.02106444884483,3
612,0.5447067554882427,1.965019122339062,0
613,7.4602286225647045,2.2676723399111247,2
614,6.7763150832665895,1.9731597932601848,2
615,4.750348020819144,5.718129587724779,1
616,6.533900591563489,2.3923408349303967,2
617,4.638175126447149,5.910955658781791,1
618,7.361218707934714,1.7118929234389946,2
619,5.672746136072745,5.919445021644814,1
620,2.3107104157976344,7.712805088836785,3
621,5.987723449359521,5.646800952929373,1
622,3.1073587468440507,7.6330798175088495,3
623,6.526833540481595,1.775309912718679,2
624,4.810051449717302,6.434704491731111,1
625,1.007881348936152,1.850600177544528,0
626,7.412334866160743,1.3383847619651967,2
627,-0.1770216934043034,1.7519507157878595,0
628,7.169218159516121,3.100910883345023,2
629,4.652526985136964,6.682726023138465,1
630,4.368478584747559,6.0022680416202565,1
631,2.875505092619779,8.334748250893135,3
632,4.485383878600811,6.231371498269056,1
633,2.9725051488453027,8.348746113462187,3
634,0.8078917471381276,2.490379551583283,0
635,7.470801497016884,1.918579279700651,2
636,1.8490510980654706,8.089375858974208,3
637,5.839730878980061,5.529754199432408,1
638,7.160767141179543,1.1371834492855304,2
639,2.0473660605910546,8.018415715351077,3
640,6.718846390789221,3.0657039046400874,2
641,5.577223746434645,5.755718860481801,1
642,4.553842079806847,5.328834923741823,1
643,6.804301306637334,1.5600068762979225,2
644,4.634826898377033,6.792262619485744,1
645,1.1012554493766684,2.2272773679147035,0
646,4.221438986316605,5.98928439720101,1
647,4.680996274157563,5.415798661673979,1
648,5.260045743292665,5.444224661674298,1
649,0.814370718041858,1.2064533327270448,0
650,2.8735294456881295,8.51701120963314,3
651,2.1925865463354275,7.570226055751632,3
652,2.5739037694992355,7.148626652033292,3
653,3.211709182906137,8.894119369422686,3
654,0.9332551841596182,1.0015441322338297,0
655,5.181307745544159,6.18749066201358,1
656,4.976875401309406,5.601116469919977,1
657,-0.08504452679679697,1.8117904412408776,0
658,0.4133531514633313,1.962647336991452,0
659,1.4725388841884637,2.1843274105749666,0
660,0.3759743158053175,2.0670335611466064,0
661,1.5812911321101377,8.454704593059915,3
662,5.4641678422136,6.258486539484022,1
663,7.013707777757763,1.7910391496242979,2
664,7.265004280920508,2.0775042475004835,2
665,4.3547938338177605,6.920705369290126,1
666,4.867935547876623,5.9991328828200245,1
667,3.832436644857675,7.483368514448012,3
668,2.6883353772206404,7.368973200722845,3
669,0.6528176611209331,1.4242358629686795,0
670,2.1444401184404187,7.432190360824368,3
671,6.48012538684307,2.7468158126652904,2
672,2.4300805360189854,7.564217445976662,3
673,8.005567827826894,1.5929346851852995,2
674,1.2719928839295678,1.8293181629056159,0
675,2.640928008084786,7.928121917167827,3
676,6.254818551159817,2.1791646498159145,2
677,4.90160282250997,5.781422963536667,1
678,3.077931612500156,8.232777838762365,3
679,0.8742904900837708,1.2839000309324253,0
680,1.5296882507512943,1.506266945831047,0
681,4.820070771641083,5.873256537547219,1
682,5.188949326978564,5.13529261248967,1
683,4.802561757047847,6.204055314792087,1
684,6.701204263408365,1.9810909025923196,2
685,3.0026012796635695,7.971912652260259,3
686,6.120087222680502,2.7770141878668064,2
687,1.7710736362696,8.860075678072652,3
688,4.404200114397297,6.181912966306158,1
689,2.745052875700405,7.7924938294401676,3
690,2.9256390368847427,7.830724096395833,3
691,2.7623478156133885,7.816239479678326,3
692,0.2103456092695738,2.0781205965792817,0
693,5.13320842650348,6.3438646102795175,1
694,1.8958056870940485,1.9746644143333272,0
695,0.9950161627878028,1.2040684751414457,0
696,0.31985215172815373,2.165739323200973,0
697,0.8448664840920487,2.291520472335557,0
698,1.6964187410053226,1.9524347460232532,0
699,4.810305317733137,6.20123396931137,1
700,6.730821336525418,2.053691290891801,2
701,1.754213113993865,8.071632627491253,3
702,0.7681493671009909,2.8812421318749637,0
703,0.937465865875175,2.437589948047619,0
704,1.0392329754727079,1.9376647789031844,0
705,1.9975070101951609,7.358980441902399,3
706,4.860752329069549,5.737098501820119,1
707,2.702112112629922,8.142133927458726,3
708,1.0186116930541729,2.192317913308262,0
709,6.517221206307619,2.4559988963286057,2
710,2.4736738876753366,8.230797871089896,3
711,3.938069166457429,8.222203438218843,3
712,5.215912450495738,6.170160230142479,1
713,1.1887874514846484,2.287478606437571,0
714,4.8782003676983745,6.320795071877618,1
715,5.0940796262070585,6.301244171277518,1
716,4.90977059376429,5.603068138381667,1
717,7.149644851111438,1.8111102091789264,2
718,0.2111196351474921,3.6550855923894057,0
719,0.9592948619305216,1.7217778359823765,0
720,1.5013148228192128,2.5705729794892016,0
721,6.370677798286546,2.3593296690707195,2
722,2.470416270903604,7.469175500450476,3
723,1.4291494185854452,7.895802187915502,3
724,0.7689626867449224,1.6790395796817792,0
725,5.918395082781922,6.582657609266196,1
726,5.146219291438164,5.107448846446875,1
727,7.013058532601609,2.5800475631873683,2
728,2.4835043308424445,8.432641744228151,3
729,3.2966218401031724,8.671093335109799,3
730,4.5664061564836365,6.217504315309568,1
731,1.0053820279606775,1.6996518690527902,0
732,0.8272117386387712,8.600236955817095,3
733,1.694800455812901,2.3232960825926785,0
734,2.099961687803911,7.737522909255677,3
735,2.185717141815323,2.086171732930296,0
736,4.616336501472858,6.666856152997288,1
737,0.9564242365211707,3.2390082245901843,0
738,1.2761648423617924,2.1555912038447587,0
739,2.2969843113683766,7.638715632604743,3
740,7.176458307644947,2.546021029325705,2
741,2.237747864048395,7.830150668050876,3
742,7.288513925492883,1.8834247697178896,2
743,6.839872451391012,1.6724830029662576,2
744,5.385706353963433,5.305767001113849,1
745,1.1572326831178015,2.299695511906506,0
746,0.801334024363666,2.0435703130519576,0
747,3.1183069110552575,8.046246842964768,3
748,7.436982379969878,2.213468305500982,2
749,4.79237927527298,6.100347465947916,1
750,1.4248603511266653,1.3762092852017038,0
751,2.611437258305596,8.0350143188211,3
752,0.8112363138302239,1.8418784333408265,0
753,4.794845541158015,5.7465804662703945,1
754,1.5715843105020686,8.385411130130366,3
755,1.5919580525003194,2.2281298744197793,0
756,7.439441523571346,2.6146014533870665,2
757,3.3214224166563873,8.630372874252433,3
758,6.217973506939024,1.9416183081247136,2
759,0.6694695656962839,2.1703854714983546,0
760,1.838541977531052,2.443984311982197,0
761,0.8880151380836867,1.9848025369919933,0
762,4.605142439024151,6.325385968934122,1
763,5.484956273638668,6.315670769708501,1
764,2.6892659481740853,8.570581858489186,3
765,2.350963613090237,8.276711334697707,3
766,7.311207814976643,1.9811496811592237,2
767,0.8401805297088414,1.8432358085317786,0
768,4.322986401480948,5.4379739307945005,1
769,7.402036274552221,1.2864856726124874,2
770,1.1538914471083208,1.6783992041561493,0
771,5.504823611881449,6.535352424666219,1
772,2.298041770842781,8.109606061096931,3
773,7.215760158020988,2.3895590129094173,2
774,3.9043450063144887,5.435636257017259,1
775,1.4516679613210584,2.04824479382847,0
776,1.1855274755940721,2.0502594886768706,0
777,7.355884940235375,1.438114549769784,2
778,4.7576613315042176,6.106133731116718,1
779,0.49324114758110715,1.8255264057352103,0
780,1.2371637364580323,2.3562116748213326,0
781,1.6427845715366078,8.166439274010946,3
782,0.7331837187528815,3.227442012070218,0
783,5.35841558557581,5.617263274390393,1
784,4.94307691839363,5.8365207660504,1
785,3.031663681956019,6.705985287655442,3
786,0.7208987762562215,2.2268588791555137,0
787,2.105017811474852,7.3860368593208285,3
788,7.352858802708777,2.506910463016111,2
789,2.0830855296139625,2.7056352564709085,0
790,7.52415383192084,1.3207140139157882,2
791,5.977511204679028,0.9450362348052697,2
792,5.027193260651998,6.452088709245844,1
793,0.5918108596202629,2.103130480028772,0
794,1.3359902643700838,2.087468091642537,0
795,7.308296012822459,1.6061181133967626,2
796,1.0683701798976155,1.4270956105533337,0
797,6.767510552617334,2.678361338885497,2
798,7.717837515448142,2.2048795033660893,2
799,1.7836202497346325,2.2238253616234487,0
800,4.232977743603426,5.384881976709438,1
801,2.6700740329887296,8.069456685593098,3
802,7.092217345840572,1.8628011843173087,2
803,2.394363065816471,7.954834205683392,3
804,5.3528447471831795,6.67762011625875,1
805,0.8741457327133221,1.6526421334390309,0
806,7.893158504224458,1.5202114751594158,2
807,3.1226648940053066,8.282796996088841,3
808,1.9826374476796085,7.802393531673021,3
809,6.996721639192187,2.2187263610347556,2
810,5.15897425888651,5.458892857536929,1
811,0.9744202730758553,7.593903080986185,3
812,7.173116635992412,2.430640542787035,2
813,0.8674417093084748,1.9402764436801665,0
814,5.8877836727624375,6.679784828039588,1
815,4.658474814399483,6.2086839599416175,1
816,1.0422158330684843,2.544418366930225,0
817,5.110909813208603,6.705507184693872,1
818,1.4994423720600487,2.6239671755394243,0
819,6.111366905682462,1.9159317167430707,2
820,2.2833371979555754,7.550625459705675,3
821,0.5251019713132803,2.6698078462774175,0
822,6.275645751563312,1.3698296066901376,2
823,1.7699724640079781,2.531954218888001,0
824,7.54199049618665,1.8882390098550756,2
825,5.864084246749031,2.5655377213475044,2
826,1.5357369045950797,1.4678704759255108,0
827,4.347970380307702,4.8295710663597,1
828,6.216355548306365,1.54811579008092,2
829,0.8158276403840685,2.2672931035191417,0
830,2.897210194062159,7.57799656087526,3
831,1.6252008996903022,1.79556735528754,0
832,1.0781702341599007,1.0185489964310803,0
833,7.202119952503336,1.7180510653772265,2
834,1.5492847654265343,2.5494290241480027,0
835,3.1466868999799535,8.291529812143667,3
836,1.6892364263746726,2.0806403907710616,0
837,2.082493723325812,8.622356324110038,3
838,7.406427734486716,2.625752774122905,2
839,0.6176747852074376,1.8325696239830132,0
840,4.963897587637838,6.8123796822477125,1
841,1.0750690297108214,2.752698683010421,0
842,7.52902926743012,2.085365914224145,2
843,2.23853135298366,7.049424552987627,3
844,5.538070193700205,5.977741738869585,1
845,4.7635315475118425,5.6352486714705465,1
846,6.717347278787521,1.3279333353010012,2
847,1.0705837308372295,0.6740860431590425,0
848,0.42469538876563995,2.074562926936768,0
849,1.8375344019182203,8.01033997810024,3
850,6.8271220287107,1.901282390773681,2
851,6.547561835406565,2.2246416412617154,2
852,5.890918978502246,5.841117647372973,1
853,5.751542786537547,6.556401013083616,1
854,1.5310667897693298,8.17754536134583,3
855,0.4503029669554989,2.218530454449188,0
856,0.8421660048712565,1.6059611435783223,0
857,6.343861015971392,1.317385481597276,2
858,1.7573768257237004,7.698049565965264,3
859,6.89821224798457,2.5895567985872567,2
860,4.839441336230779,6.1508288971900855,1
861,2.7575532382152064,8.317950652924695,3
862,2.423294106388732,8.236991682220216,3
863,2.6275101070364726,8.459857277943051,3
864,1.3140318502467059,2.00216241882773,0
865,7.378917691481217,2.2030712884457584,2
866,1.3450021437189945,1.9660953876526046,0
867,5.114461158740705,5.783654176534557,1
868,6.974625273668979,1.4142041191115624,2
869,3.0509162332146267,7.3430318774318515,3
870,5.224491999084979,6.12142832433346,1
871,3.8460983860587437,5.466987662911679,1
872,6.422299359646291,2.2817161590581185,2
873,4.895970437001863,5.500826532026549,1
874,2.6093000645355864,7.878155191758223,3
875,7.6460449832428505,2.255339718620159,2
876,6.433540260689809,1.9609755664979849,2
877,4.652022797438724,6.506351459468536,1
878,4.611805469424526,6.154812115627883,1
879,7.7069163926678526,2.829358574629694,2
880,6.9446705829914865,1.6999498884927953,2
881,5.229070061191704,5.471201746307788,1
882,6.395039849477085,1.9640432002353119,2
883,7.210159719677896,1.913456993492892,2
884,5.9423866428170316,2.360026060092213,2
885,2.343264804678933,7.710726070011793,3
886,6.157670950966928,2.062821850990058,2
887,5.272411357236661,6.348183489538694,1
888,1.1110144651967628,2.3177300852647384,0
889,5.053658928086367,5.903120380038901,1
890,1.5864472725820247,8.722806759252828,3
891,0.27307360679431114,2.773438403466381,0
892,4.82273389653579,5.694147348109631,1
893,4.248664445803234,5.506269539875236,1
894,5.087074815176612,5.101539970880035,1
895,7.716106938160959,2.9598539545291453,2
896,5.207268565227167,6.365551704989921,1
897,7.578405232175977,1.820198966870856,2
898,1.9260376323711879,7.582503894874558,3
899,1.2432647788088516,1.4087355661287995,0
900,6.5659812702182325,1.5186418428141026,2
901,0.7699779489929924,2.523568791592657,0
902,4.692191097615145,6.521721901998249,1
903,0.5743889365972563,1.4671832945445498,0
904,1.4029921076514866,2.7789108327849785,0
905,2.421354904360583,6.782654484747842,3
906,7.223810545178545,1.5958057425433618,2
907,5.244823936416885,6.391113804190683,1
908,5.1400509886018275,5.875488906428222,1
909,0.8976338924611547,2.2355202990520815,0
910,0.3263789125318065,1.5241359916757573,0
911,5.500764669550515,6.257444797718586,1
912,2.1051850595996213,7.039191234877591,3
913,7.097419319298382,1.860091114391692,2
914,6.197997308713498,2.431141359115732,2
915,7.416254267044878,2.1550119812466417,2
916,4.935134254685702,6.388739982908741,1
917,3.1350561834475976,7.179877455981187,3
918,1.1212036669874077,0.9812313334703546,0
919,7.42077438230641,1.8483910966065384,2
920,1.8147606151198197,2.1239769960544037,0
921,4.449454857169241,5.6774752963278114,1
922,7.763263194028908,2.101914353847537,2
923,2.689996042467518,7.215479145716344,3
924,1.1819227342877803,2.422937900970978,0
925,2.0292990089276275,7.176955929556739,3
926,6.773803056934196,2.291320417346458,2
927,6.415768710162631,1.8221259660439266,2
928,7.21288458667273,1.2290644823696575,2
929,1.3222895112269681,2.0788087720844417,0
930,0.569498532045549,2.437089171332929,0
931,1.2412300257878728,1.4348517104792204,0
932,5.414547648680412,6.546751507630437,1
933,0.8457010185084398,2.0745906361211817,0
934,2.749551785612192,7.949509323533063,3
935,0.6014655152285776,2.159002460624587,0
936,6.251619970309855,1.621194832558249,2
937,4.661908650513366,5.844619914507873,1
938,0.8536973725548724,2.0444389570761934,0
939,4.8927712239528605,5.840097446064276,1
940,2.180968687645602,8.082564256909793,3
941,5.207605218696519,5.1294835647300445,1
942,4.143027617186933,5.894487572890835,1
943,1.408125128599898,1.4573625954134495,0
944,2.2333840168496897,2.3272896134198744,0
945,7.614513128081073,2.2646364236700016,2
946,5.323023659727639,5.709170877519279,1
947,6.606074312042548,6.250603843527997,1
948,7.152395334738752,2.2380870273380085,2
949,2.593014465628987,8.199011607340827,3
950,5.533886348083631,5.6876038415735435,1
951,0.8417102085301418,1.5951677582465693,0
952,7.342929551154862,1.6177622268875513,2
953,7.3346386607144165,1.8300787738206734,2
954,2.7659907160366464,8.199543628595013,3
955,6.614579966186062,1.9174337250935756,2
956,0.8052343480676474,2.0489522939539118,0
957,1.4199121612537415,2.147670681017683,0
958,7.0024046195285905,2.5402380404448146,2
959,0.7260735472120348,1.223593888084305,0
960,2.6374581944959816,8.724417719922123,3
961,0.4939699344840043,1.5841517879413738,0
962,2.948818975607027,8.02279395793585,3
963,6.758096983266748,2.0137540458044354,2
964,3.077109894228767,8.4272198239487,3
965,4.294456253206748,4.537386576574889,1
966,5.634421126279229,6.153573501756858,1
967,1.93694304532598,7.926117789879138,3
968,4.761849680761813,5.672210096597512,1
969,2.8260836043534465,7.887878075182488,3
970,1.4893072427420133,2.4930659236827384,0
971,4.529928819230938,5.602328278988751,1
972,2.7205878238249026,7.309022376724939,3
973,6.892339983721309,3.3425971078486594,2
974,6.716336461161278,1.8889890527720519,2
975,7.39653762193529,2.5999183746486674,2
976,1.0322219186621058,1.3383101044520558,0
977,7.467368255194116,1.8572817827381873,2
978,4.796896804544662,5.411206174974583,1
979,4.93227678549288,5.738964449529328,1
980,0.236918283656966,2.030839856309614,0
981,0.4650698558451555,1.6232877786783864,0
982,0.562531898708926,1.7993726741516574,0
983,3.5063513833597186,8.575552312702376,3
984,7.186485977904491,1.7655613006297115,2
985,7.577960908489807,1.7819593450638964,2
986,1.7691296338856985,2.048981379483632,0
987,6.353968493729566,2.1669745611184483,2
988,1.6215810572691889,2.159035763971493,0
989,4.8161480465445825,5.765491660157653,1
990,6.785877361736951,1.3421859121795598,2
991,1.0009934345809421,2.202164933168323,0
992,7.118914860475097,2.358520285699727,2
993,8.007261192134521,2.0504763072896695,2
994,1.6957848275521643,7.153962716318426,3
995,1.926815890834733,7.9139683421941704,3
996,5.250077716608278,6.380130241623982,1
997,2.859042682917796,8.933287180953126,3
998,2.4197066831772855,8.339603085617497,3
999,2.4010486995905835,7.225010949289347,3
1000,6.1559071758026604,1.9197473822609563,2
1001,6.881762074549298,1.3033519829943647,2
1002,2.5059158164995323,8.420503748447633,3
1003,2.201038995127,7.419952064085371,3
1004,5.713628729434205,5.852756471199067,1
1005,3.8559217005688415,8.037584073702067,3
1006,1.2244635503117618,2.033755570582951,0
1007,6.238083331849575,6.3912742411816925,1
1008,2.6140381795794037,8.09798833564519,3
1009,4.809922007481435,6.6232139790740145,1
1010,5.529837213827778,6.958189543113255,1
1011,7.04899082883942,2.1343231942592307,2
1012,7.056029652799982,1.694229192470916,2
1013,3.337114646291395,7.440262034129169,3
1014,2.255239449691167,7.076391047831533,3
1015,4.6736074818070605,6.17232561241944,1
1016,2.0281214978872106,1.4160276660661442,0
1017,5.460877330431753,5.80944000043908,1
1018,5.809127224059778,6.36855246025308,1
1019,6.93957137648936,2.432539537493031,2
1020,5.770271602305628,5.208051550362807,1
1021,7.542429852100735,2.3629144702760043,2
1022,0.8626900101204777,1.4727468773211587,0
1023,6.743374180402907,1.2459462946357183,2
1024,5.363730380953549,6.136729202040575,1
1025,6.774420685745495,1.3735716870148749,2
1026,5.834683454403557,1.09949339065253,2
1027,0.9488474563979334,2.641661185463511,0
1028,2.088671664177799,7.765065288181266,3
1029,0.8693231255722489,1.6611780290407858,0
1030,6.387527505017653,2.2632919095805217,2
1031,2.3525566865186125,7.408331386405947,3
1032,5.014008823274702,4.975392821734729,1
1033,6.809108040713127,2.134035394751343,2
1034,1.9341824877776213,1.3610968617121184,0
1035,0.7584408987509221,1.3291948377484726,0
1036,0.3095926273729386,2.6818642902278698,0
1037,6.943722589327049,1.9619941854178944,2
1038,0.9508506218772179,2.322647978035875,0
1039,5.366740586326215,5.8312470811375725,1
1040,2.73917834452099,8.299324595661142,3
1041,4.859513454912736,7.30715853471202,1
1042,1.8720808258201018,1.822913472507623,0
1043,7.528173867028826,2.2439905180282658,2
1044,4.422165574689316,5.2887216157704025,1
1045,2.4446149383587388,8.033062476188785,3
1046,4.342467908466438,6.097331058475759,1
1047,0.14565159988061238,1.8331101688756133,0
1048,5.2393023152024085,6.609036364022116,1
1049,5.974676875233381,6.087063250232302,1
1050,3.202513846274745,8.455939483898318,3
1051,2.6636468661878827,7.984457900364708,3
1052,4.689685994362982,5.413286004980871,1
1053,5.23763271016589,5.929331658330118,1
1054,6.721858065806578,2.2729718534626837,2
1055,4.706877863268184,5.8190333316998055,1
1056,5.582499033175605,6.064326172791419,1
1057,4.043997665253584,8.201641739350121,3
1058,2.315611099054618,8.11910383643132,3
1059,0.0706098365587805,2.21888234795219,0
1060,1.2644267814020331,1.8285014786872555,0
1061,7.022002388129337,1.6645500996367646,2
1062,1.062346476650878,2.3029259185780346,0
1063,7.578536314437201,1.5509694258756768,2
1064,3.914478249460699,5.575802828583233,1
1065,1.2215660167369744,1.464456307661778,0
1066,0.72233779664885,1.4244501320389105,0
1067,4.804383417935292,5.849649298489948,1
1068,6.944648934500845,2.7236889624956393,2
1069,6.961704695615928,1.6267544890077406,2
1070,6.5535254629212245,2.7985960468454434,2
1071,3.014807864110529,8.35599611787655,3
1072,4.7859529789016735,5.300780468100086,1
1073,6.892442187271548,1.593390261472226,2
1074,0.8957624127926144,2.3424334642499245,0
1075,6.62667404064713,1.699197014619393,2
1076,1.3039447137080677,1.9680772904199806,0
1077,2.3246066325801924,9.090869825928971,3
1078,2.163352618324307,8.022669460738264,3
1079,7.180704003170783,2.6063376937044986,2
1080,1.7619048067002958,7.7728505083491495,3
1081,0.9116840744120702,2.1363841499612923,0
1082,5.496874900672023,6.285911868930109,1
1083,2.6554626870412767,8.016993168992189,3
1084,4.8060231496476735,6.030680895316235,1
1085,5.284169359020596,5.183852647057617,1
1086,5.584169678801291,6.3330581173626035,1
1087,6.488455719435723,1.3714954975765536,2
1088,1.2941936997202161,2.0497917318905614,0
1089,4.805941426258247,5.776265634129052,1
1090,6.790265505704255,2.07716106190297,2
1091,6.978773360014603,2.3475018624500494,2
1092,7.779963171106117,2.77426759479562,2
1093,6.639634400596444,3.220385971286622,2
1094,0.8980496795110573,1.8746902985879945,0
1095,5.175466266792586,6.219681539460085,1
1096,0.9531904146089759,2.065308850486649,0
1097,2.8872639265011264,8.009912390723695,3
1098,0.6241445365229095,2.005205594424587,0
1099,1.719363852632731,2.7983393701134567,0
1100,5.321113206124969,6.048605935935064,1
1101,3.2510578254246774,7.195601005000455,3
1102,7.451750359606598,2.023166245912322,2
1103,4.736525631996576,5.409964821568606,1
1104,1.0851189108884747,2.0516935806197516,0
1105,7.393416961647473,2.4923772381253677,2
1106,2.2392195053512345,7.971464478741614,3
1107,6.674405673868399,2.185550928553437,2
1108,2.662260785249916,8.152488438768836,3
1109,2.7598716572390685,8.97720358506049,3
1110,5.761387777614608,6.080286035639201,1
1111,1.3906205442818842,2.011001106410963,0
1112,2.2931296585324814,6.879025587009102,3
1113,2.4421552578197976,8.002178427290549,3
1114,5.8849741229983055,5.945555977903183,1
1115,4.495833376044501,5.184228431071119,1
1116,5.265898148830162,6.164603796740296,1
1117,1.631305795530716,2.696415454504703,0
1118,3.097295764462611,8.297678700607864,3
1119,7.18969019907884,2.328443385167197,2
1120,0.6387085644001389,1.5637766720671153,0
1121,1.2453897629969177,1.6353252966860836,0
1122,1.6303780271293329,2.8279585067727497,0
1123,2.9476820657135434,8.206788173131052,3
1124,3.0627072684420438,8.899606728886358,3
1125,7.05601714611254,1.5391422208944279,2
1126,2.4400011468528717,7.509939479230432,3
1127,7.3083768120431625,2.1211472828509406,2
1128,4.436740914814717,5.405816878088662,1
1129,0.6365218687345091,2.7480993122807975,0
1130,1.5428588305998032,2.473184955271123,0
1131,0.6230012562350504,2.6721002435631327,0
1132,7.456163955755439,2.5741374676677884,2
1133,2.199364104012682,8.865958149651334,3
1134,5.086851514241633,6.267718258802078,1
1135,1.6154097119410713,1.9189214877995118,0
1136,2.394773566520414,7.818701626449571,3
1137,0.9571301332344315,1.7118135521106566,0
1138,7.410444302005984,2.610819767658449,2
1139,-0.28619523996074814,1.8379299451963085,0
1140,4.488192393688075,5.6115078534608696,1
1141,2.2884398249351032,7.860885037092426,3
1142,4.2962013946879685,4.969320270526415,1
1143,4.350416659791146,6.275270817100372,1
1144,7.334676284591187,2.428058874095882,2
1145,1.5998650189560157,1.6943780593506352,0
1146,1.463287561374121,0.7578400100272678,0
1147,6.295223095183494,2.4865419581383925,2
1148,7.024240293070629,1.637619328940496,2
1149,1.46084922131297,7.794003694233453,3
1150,7.265173124263395,2.5122070014033913,2
1151,5.1871122365030535,6.421600220345994,1
1152,4.588866966420119,5.006953673997572,1
1153,2.4640336260191553,1.625023827752116,0
1154,7.145014080169059,1.7061369860359885,2
1155,1.7466658719061616,7.865606334313897,3
1156,1.083577279059723,2.5697588291308633,0
1157,2.6674336499939626,7.0341491011595005,3
1158,2.7560392424342646,7.555285033794045,3
1159,5.541816161421068,5.995087555586365,1
1160,3.074154470430548,8.783202419685376,3
1161,2.690701182284496,7.584917939638992,3
1162,6.94326533991818,2.611810884616404,2
1163,2.619165663945837,8.48552470054247,3
1164,1.03936053265801,2.8494905646849342,0
1165,2.671047025103805,8.249312366818979,3
1166,4.810346395804179,6.363263257176569,1
1167,0.27217872162934487,2.9215673377614406,0
1168,6.628737765493564,1.9278504566942916,2
1169,4.702459499373406,5.981366237413652,1
1170,6.996307159101473,1.0511361392410827,2
1171,4.881049202747929,6.274080613411047,1
1172,4.628022282410028,6.266925806636524,1
1173,0.990487270569568,1.2154425847079584,0
1174,2.1357752399760224,8.313816513556134,3
1175,8.278411475171362,2.602962041251244,2
1176,1.893862297834109,2.030145279425766,0
1177,5.7569022325008685,6.129947999102444,1
1178,7.638622132633726,2.5367865241033347,2
1179,4.106716506743368,5.293387486001084,1
1180,6.889861297373192,2.261263617822868,2
1181,1.823248949616037,2.2358733682429017,0
1182,2.13604977538593,6.863073883094071,3
1183,6.783861240713738,2.2121124441483166,2
1184,4.727144838092235,6.373764022582996,1
1185,6.9990690496862085,1.4711037444946495,2
1186,5.019736720945831,6.360972346929197,1
1187,6.377423479795419,1.2752014720793983,2
1188,1.1219693675302724,2.3776123794703294,0
1189,1.720832726372704,7.119123173078255,3
1190,8.517579392473875,1.9345479697433998,2
1191,1.582150424153435,1.9767141027573218,0
1192,1.2248280947878873,1.2504884664839928,0
1193,2.9379664840817368,6.988788474911303,3
1194,-0.16485664472140282,2.3385377122415494,0
1195,2.594046903382991,8.277230654146065,3
1196,6.548411119093737,1.515562136244153,2
1197,4.914098336837856,6.038236105445596,1
1198,1.4058771467017357,1.6819353059252342,0
1199,0.8991508591378441,1.2694144730774792,0
